<?xml version="1.0" encoding="UTF-8"?>
<!DOCTYPE hibernate-configuration PUBLIC
		"-//Hibernate/Hibernate Configuration DTD 3.0//EN"
		"http://www.hibernate.org/dtd/hibernate-configuration-3.0.dtd">
<hibernate-configuration>
	<session-factory>
		<property name="hibernate.connection.driver_class">com.mysql.cj.jdbc.Driver</property>
		<property name="hibernate.connection.password">rootroot</property>
		<property name="hibernate.connection.url">jdbc:mysql://localhost:3306/sys?createDatabaseIfNotExist=true</property>
		<property name="hibernate.connection.username">root</property>
		<property name="hibernate.dialect">org.hibernate.dialect.MySQL5Dialect</property>
		<property name="hibernate.hbm2ddl.auto">update</property>
		<property name="show_sql">true</property>
		<property name="hibernate.enable_lazy_load_no_trans">true</property>
	    <mapping class="com.me.pojo.User" />
	    <mapping class="com.me.pojo.Apartment" />
	    
	</session-factory>
</hibernate-configuration>
